{
  "4096": 0.27681609599191387,
  "8192": 0.5433931350028919
}