{
  "4096": 0.7379422836723583,
  "8192": 1.404185730672907
}